{
  "Qwen1.5B": {
    "n": 100,
    "arms": {
      "memgen": {
        "gold_answer_prob": {
          "mean": 0.18995708376169204,
          "sem": 0.014513612983599208,
          "ci95_low": 0.16404834615206348,
          "ci95_high": 0.2184832072057761
        },
        "gold_vs_distractor_margin": {
          "mean": 1.0529044950008393,
          "sem": 0.1208133379313395,
          "ci95_low": 0.8169415104985237,
          "ci95_high": 1.2807234711647033
        },
        "next_token_entropy": {
          "mean": 3.2156804508715866,
          "sem": 0.1577067908590115,
          "ci95_low": 2.898317522957921,
          "ci95_high": 3.5054491792507467
        }
      },
      "expel_trained": {
        "gold_answer_prob": {
          "mean": 0.215605063829571,
          "sem": 0.016580261770525424,
          "ci95_low": 0.18559619940910488,
          "ci95_high": 0.24914869072055446
        },
        "gold_vs_distractor_margin": {
          "mean": 1.2654208385944365,
          "sem": 0.12353002895837498,
          "ci95_low": 1.0255104816257954,
          "ci95_high": 1.4943368809521196
        },
        "next_token_entropy": {
          "mean": 3.7301309064030646,
          "sem": 0.1307858871103078,
          "ci95_low": 3.4693245364129544,
          "ci95_high": 3.9796564890071746
        }
      },
      "expel_untrained": {
        "gold_answer_prob": {
          "mean": 0.178991650827229,
          "sem": 0.014332724539839765,
          "ci95_low": 0.15275990208843723,
          "ci95_high": 0.20754417981440199
        },
        "gold_vs_distractor_margin": {
          "mean": 0.9537979364395142,
          "sem": 0.11572937906130247,
          "ci95_low": 0.7288647953569889,
          "ci95_high": 1.1671790449917314
        },
        "next_token_entropy": {
          "mean": 5.3891259258985516,
          "sem": 0.1383604524519467,
          "ci95_low": 5.113089576944709,
          "ci95_high": 5.652399150237441
        }
      }
    },
    "paired": {
      "expel_trained_minus_memgen": {
        "gold_answer_prob": {
          "left": "expel_trained",
          "right": "memgen",
          "metric": "gold_answer_prob",
          "mean_delta": 0.02564798006787896,
          "sem": 0.007245844894695637,
          "ci95_low": 0.011752855298109353,
          "ci95_high": 0.04037109882477671,
          "positive_rate": 0.58,
          "negative_rate": 0.42,
          "zero_rate": 0.0,
          "n": 100
        },
        "gold_vs_distractor_margin": {
          "left": "expel_trained",
          "right": "memgen",
          "metric": "gold_vs_distractor_margin",
          "mean_delta": 0.21251634359359742,
          "sem": 0.05698313482045666,
          "ci95_low": 0.10175505051016807,
          "ci95_high": 0.329767346739769,
          "positive_rate": 0.63,
          "negative_rate": 0.37,
          "zero_rate": 0.0,
          "n": 100
        },
        "next_token_entropy": {
          "left": "expel_trained",
          "right": "memgen",
          "metric": "next_token_entropy",
          "mean_delta": 0.514450455531478,
          "sem": 0.2168957302540123,
          "ci95_low": 0.09657200093194843,
          "ci95_high": 0.9361733777076005,
          "positive_rate": 0.56,
          "negative_rate": 0.44,
          "zero_rate": 0.0,
          "n": 100
        }
      },
      "expel_trained_minus_expel_untrained": {
        "gold_answer_prob": {
          "left": "expel_trained",
          "right": "expel_untrained",
          "metric": "gold_answer_prob",
          "mean_delta": 0.036613413002341985,
          "sem": 0.008763751564839545,
          "ci95_low": 0.019954225769732145,
          "ci95_high": 0.05394846901763229,
          "positive_rate": 0.65,
          "negative_rate": 0.35,
          "zero_rate": 0.0,
          "n": 100
        },
        "gold_vs_distractor_margin": {
          "left": "expel_trained",
          "right": "expel_untrained",
          "metric": "gold_vs_distractor_margin",
          "mean_delta": 0.3116229021549225,
          "sem": 0.06441311830223426,
          "ci95_low": 0.19050757387280465,
          "ci95_high": 0.4389592286944388,
          "positive_rate": 0.71,
          "negative_rate": 0.29,
          "zero_rate": 0.0,
          "n": 100
        },
        "next_token_entropy": {
          "left": "expel_trained",
          "right": "expel_untrained",
          "metric": "next_token_entropy",
          "mean_delta": -1.6589950194954872,
          "sem": 0.1764255810021072,
          "ci95_low": -2.004097531206906,
          "ci95_high": -1.3032147254347801,
          "positive_rate": 0.16,
          "negative_rate": 0.84,
          "zero_rate": 0.0,
          "n": 100
        }
      },
      "expel_untrained_minus_memgen": {
        "gold_answer_prob": {
          "left": "expel_untrained",
          "right": "memgen",
          "metric": "gold_answer_prob",
          "mean_delta": -0.010965432934463025,
          "sem": 0.008024628551174518,
          "ci95_low": -0.026596624487079678,
          "ci95_high": 0.004835609906818701,
          "positive_rate": 0.45,
          "negative_rate": 0.55,
          "zero_rate": 0.0,
          "n": 100
        },
        "gold_vs_distractor_margin": {
          "left": "expel_untrained",
          "right": "memgen",
          "metric": "gold_vs_distractor_margin",
          "mean_delta": -0.09910655856132507,
          "sem": 0.06910667588556627,
          "ci95_low": -0.2337005409002304,
          "ci95_high": 0.03499473360180851,
          "positive_rate": 0.41,
          "negative_rate": 0.59,
          "zero_rate": 0.0,
          "n": 100
        },
        "next_token_entropy": {
          "left": "expel_untrained",
          "right": "memgen",
          "metric": "next_token_entropy",
          "mean_delta": 2.173445475026965,
          "sem": 0.2166383348828505,
          "ci95_low": 1.7626980159766972,
          "ci95_high": 2.5966387202963226,
          "positive_rate": 0.86,
          "negative_rate": 0.14,
          "zero_rate": 0.0,
          "n": 100
        }
      }
    }
  },
  "SmolLM3-3B": {
    "n": 100,
    "arms": {
      "memgen": {
        "gold_answer_prob": {
          "mean": 0.10721250948670785,
          "sem": 0.01085962090133612,
          "ci95_low": 0.08705966970948793,
          "ci95_high": 0.129474534883906
        },
        "gold_vs_distractor_margin": {
          "mean": 0.5846320557594299,
          "sem": 0.17095010614444156,
          "ci95_low": 0.25328535634279253,
          "ci95_high": 0.909760484457016
        },
        "next_token_entropy": {
          "mean": 5.9824110126495365,
          "sem": 0.030895875617980535,
          "ci95_low": 5.9190618288517,
          "ci95_high": 6.039494743108749
        }
      },
      "expel_trained": {
        "gold_answer_prob": {
          "mean": 0.14029022726550466,
          "sem": 0.013845611656886626,
          "ci95_low": 0.11424575570915477,
          "ci95_high": 0.1687427197368597
        },
        "gold_vs_distractor_margin": {
          "mean": 0.8033421969413758,
          "sem": 0.18461077052408278,
          "ci95_low": 0.44430316573381423,
          "ci95_high": 1.1592627148032189
        },
        "next_token_entropy": {
          "mean": 4.378469278812409,
          "sem": 0.10644462282539653,
          "ci95_low": 4.1706161078214645,
          "ci95_high": 4.573244063079357
        }
      },
      "expel_untrained": {
        "gold_answer_prob": {
          "mean": 0.18251743187662214,
          "sem": 0.013787522272757705,
          "ci95_low": 0.15584816867555493,
          "ci95_high": 0.20948226952960247
        },
        "gold_vs_distractor_margin": {
          "mean": 1.0051603174209596,
          "sem": 0.15711713409746358,
          "ci95_low": 0.6989148210287094,
          "ci95_high": 1.3102690331339835
        },
        "next_token_entropy": {
          "mean": 5.45780223608017,
          "sem": 0.06783099899660153,